,Columns,Slope,Intercept,Training Time Mean,Raw FPTC Mean,Training Time Full,FPTC Full
0,1001,1.8196237867381062e-09,-0.005417411797124849,3.0942857142857143,1703485714.2857144,0.21,114400000.0
1,2002,1.8132519879963333e-09,0.0058808794769795725,12.777142857142858,7043291314.285714,0.83,467433600.0
2,3003,1.7911896468774128e-09,0.1345324566206969,39.42,21932612000.0,1.24,694062400.0
3,4004,1.7947895819077382e-09,0.0017182069342283057,38.361428571428576,21372817600.0,1.43,807004800.0
4,5005,1.7851426916183972e-09,0.04963524536587727,46.35857142857143,25941307885.714287,1.75,972777600.0
5,6006,1.7873065143199107e-09,-0.06953663883538752,52.614285714285714,29476657714.285713,1.53,857514000.0
6,7007,1.7955212516418503e-09,-0.10967875029778895,64.32571428571428,35886733714.28571,1.88,1056504800.0
7,8008,1.7899339199332409e-09,-0.04750894630545588,78.99142857142859,44157461142.85714,1.97,1101763200.0
8,9009,1.7989688957869866e-09,-0.0445933645484331,92.70142857142858,51555100342.85714,3.09,1722329600.0
