,Columns,Slope,Intercept,Training Time Mean,Raw FPTC Mean,Training Time Full,FPTC Full
0,1001,1.8160934444843377e-09,-0.029535320081014227,2.7914285714285714,1553314285.7142856,0.19,104800000.0
1,2002,1.770050048561065e-09,0.002172933900261853,10.875714285714285,6143070000.0,0.53,302551200.0
2,3003,1.7692851424414786e-09,0.08435266154838672,38.31,21605136685.714287,1.53,888592000.0
3,4004,1.7768069466236463e-09,-0.05926611154180961,37.43285714285714,21100842342.857143,1.18,677307600.0
4,5005,1.7611478861301627e-09,0.061827061758826574,45.87571428571429,26013651428.57143,1.35,770616000.0
5,6006,1.7717061835404127e-09,-0.04526350398830914,52.31428571428571,29553178571.42857,1.42,809474000.0
6,7007,1.7784928940845893e-09,-0.156045997242245,64.01571428571428,36082101028.57143,1.65,941606400.0
7,8008,1.7618180318215662e-09,0.10966429529659649,78.12714285714286,44282370342.85714,2.28,1303539600.0
8,9009,1.778439852903388e-09,-0.2965990172375115,91.55857142857143,51649298285.71429,2.85,1625043200.0
