,Columns,Slope,Intercept,Training Time Mean,Raw FPTC Mean,Training Time Full,FPTC Full
0,1001,1.872112181270052e-09,-0.03589905425486384,3.085714285714286,1667428571.4285715,0.21,115600000.0
1,2002,1.8057601970778739e-09,0.024931181336929953,12.747142857142856,7045349485.714286,0.61,332166000.0
2,3003,1.8151042469580048e-09,-0.032207139554707,39.22571428571428,21628466514.285713,0.71,395063200.0
3,4004,1.8000971611501003e-09,0.035171413859615086,38.537142857142854,21388829600.0,1.22,680510000.0
4,5005,1.8042420747806179e-09,-0.04877998305991582,46.42285714285715,25756874742.857143,1.45,812649600.0
5,6006,1.8260925860515218e-09,-0.11422263116872244,54.050000000000004,29661268571.42857,1.54,855112000.0
6,7007,1.8150720466222579e-09,0.026228928568954757,66.27428571428571,36498857942.85714,1.71,938804000.0
7,8008,1.788219917975796e-09,0.5625693333339115,79.11999999999999,43930519885.71429,2.2,1207455600.0
8,9009,1.7805574116738744e-09,0.1867313142589211,92.37857142857142,51776954514.28571,2.84,1592614400.0
