,Columns,Slope,Intercept,Training Time Mean,Raw FPTC Mean,Training Time Full,FPTC Full
0,1001,1.818665571103487e-09,-0.004974416195028919,2.8771428571428572,1584742857.142857,0.2,107600000.0
1,2002,1.7899549739436169e-09,0.0014752913760958108,11.798571428571426,6590722285.714286,0.7,391395600.0
2,3003,1.7929508891753385e-09,-0.10839400630973728,39.131428571428565,21885609257.142857,0.72,404669600.0
3,4004,1.7864478794735972e-09,-0.016810827467317324,37.70571428571429,21115939371.42857,1.6,903076800.0
4,5005,1.7799315915770735e-09,-0.10174320110483848,46.35142857142857,26098290514.285713,2.03,1156924800.0
5,6006,1.7838312852983906e-09,-0.14542466140756716,52.62142857142857,29580630000.0,1.56,879132000.0
6,7007,1.776713188940235e-09,-0.017678599918639293,65.07714285714285,36637776914.28571,2.05,1160193600.0
7,8008,1.7725282074107954e-09,0.14511549770696774,78.34571428571428,44118112457.14286,2.44,1370798400.0
8,9009,1.7764620947413413e-09,0.14299021223702368,91.82285714285715,51608118857.14286,2.59,1459296000.0
