,Columns,Slope,Intercept,Training Time Mean,Raw FPTC Mean,Training Time Full,FPTC Full
0,1001,1.7574560684281175e-09,-0.03832787152280437,2.9785714285714286,1716628571.4285715,0.34,201600000.0
1,2002,1.7767285933124959e-09,-0.0009556708447586715,12.244285714285715,6892015714.285714,0.61,352176000.0
2,3003,1.8096941186582156e-09,-0.18127981410777494,39.12571428571429,21720241942.857143,0.96,549966400.0
3,4004,1.826464894626566e-09,-0.2062290758280838,38.721428571428575,21313115714.285713,1.57,882261200.0
4,5005,1.8220192298345336e-09,0.05330017916876528,47.487142857142864,26033667428.57143,2.96,1655323200.0
5,6006,1.8437952386359416e-09,-0.16458395504660928,53.974285714285706,29362734285.714287,1.55,855112000.0
6,7007,1.8383800571015145e-09,-0.16226610105789518,66.13428571428571,36062484228.57143,1.96,1067714400.0
7,8008,1.826492296586584e-09,0.05193763825856479,80.71857142857142,44164781828.57143,2.37,1300336800.0
8,9009,1.831171341361269e-09,0.012353016294824215,94.2357142857143,51455240228.57143,3.05,1671884800.0
