,Columns,Slope,Intercept,Training Time Mean,Raw FPTC Mean,Training Time Full,FPTC Full
0,1001,1.851502432045862e-09,0.009655369907889177,3.2300000000000004,1739314285.7142856,0.26,136400000.0
1,2002,1.8274790953627212e-09,0.0500261910213311,12.402857142857142,6759492342.857142,0.51,284942400.0
2,3003,1.838985848049949e-09,-0.008218217863834809,40.24857142857143,21890755542.857143,0.89,494729600.0
3,4004,1.8284940610954153e-09,-0.004085772057138115,38.67571428571428,21153910685.714287,2.64,1476306400.0
4,5005,1.8462814056376883e-09,-0.21559884842351096,47.89,26055399085.714287,1.91,1062849600.0
5,6006,1.8270649711523012e-09,0.1583039175240799,54.65857142857143,29829408571.42857,1.57,857514000.0
6,7007,1.8164809149777217e-09,0.24173332993180452,66.43285714285715,36439206857.14286,2.03,1120960000.0
7,8008,1.8577967686264976e-09,-0.44960778048211125,80.9357142857143,43807440857.14286,2.5,1399623600.0
8,9009,1.8094796696073192e-09,-0.012620061461461773,94.18714285714286,52059033600.0,2.69,1495328000.0
