,Columns,Slope,Intercept,Training Time Mean,Raw FPTC Mean,Training Time Full,FPTC Full
0,1001,1.8061561530352726e-09,-0.01908449948772928,2.884285714285714,1607485714.2857144,0.25,137600000.0
1,2002,1.7899613536311995e-09,-0.013141563118942656,11.387142857142857,6369011485.714286,0.72,412206000.0
2,3003,1.7689062090217596e-09,-0.036024680929926944,38.494285714285716,21781997371.42857,0.88,505536800.0
3,4004,1.7732578868843291e-09,-0.1032054762188821,37.761428571428574,21353145714.285713,1.16,662896800.0
4,5005,1.7701716358712607e-09,0.0711595900572135,46.75857142857143,26374511314.285713,1.72,978782400.0
5,6006,1.7656838779035266e-09,0.06456133707492029,52.635714285714286,29773819428.57143,1.6,915162000.0
6,7007,1.7676510852861974e-09,-0.03075640923351841,63.80571428571428,36113728114.28571,2.01,1146181600.0
7,8008,1.769961845392345e-09,0.10454252830220412,78.4057142857143,44238903771.42857,2.25,1277917200.0
8,9009,1.772417536900703e-09,0.017212254647702707,91.62428571428572,51684815542.85714,2.74,1567392000.0
