,Columns,Slope,Intercept,Training Time Mean,Raw FPTC Mean,Training Time Full,FPTC Full
0,1001,1.8099598984447536e-09,-0.025942346343811984,2.8857142857142857,1608685714.2857144,0.2,112800000.0
1,2002,1.7660781280807008e-09,0.032580381456536855,12.389999999999999,6997096800.0,0.63,356978400.0
2,3003,1.7671424175275995e-09,-0.032687750776730695,37.91142857142857,21472019428.57143,0.97,553568800.0
3,4004,1.7773073776610987e-09,-0.007700526141242392,37.721428571428575,21228252114.285713,1.44,818213200.0
4,5005,1.7707873264342863e-09,-0.05381249708636915,46.012857142857136,26014795200.0,1.31,750600000.0
5,6006,1.7782787736123446e-09,-0.03786153055987285,52.58,29589208571.42857,1.44,821484000.0
6,7007,1.770653436413239e-09,-0.21467705689303074,63.478571428571435,35971606400.0,1.77,1014468800.0
7,8008,1.775288463139841e-09,-0.049480884854148144,77.58571428571429,43731031200.0,2.33,1329162000.0
8,9009,1.80335416836854e-09,-0.15928187420273332,93.14142857142858,51737319314.28571,2.72,1552979200.0
