,Columns,Slope,Intercept,Training Time Mean,Raw FPTC Mean,Training Time Full,FPTC Full
0,1001,1.8306650933056742e-09,-0.038502016574791575,3.0671428571428576,1696457142.857143,0.26,142800000.0
1,2002,1.7939170695918887e-09,-0.021943766549680888,12.195714285714287,6810603600.0,0.74,421010400.0
2,3003,1.7790870260264972e-09,-0.021665228449336382,38.79571428571428,21818707542.857143,1.06,606404000.0
3,4004,1.8022636471989483e-09,-0.3893437311907135,38.201428571428565,21412390114.285713,1.75,995946400.0
4,5005,1.7722604932883204e-09,0.03031916163818238,46.18142857142857,26040816000.0,1.36,766612800.0
5,6006,1.76869592561354e-09,-0.06564567400593546,52.04714285714285,29463961428.57143,1.63,924770000.0
6,7007,1.7763387680921983e-09,-0.0699451685580641,64.14142857142858,36148157600.0,1.91,1084528800.0
7,8008,1.7783196644052923e-09,-0.15912238544754587,79.36857142857141,44720696400.0,2.11,1197847200.0
8,9009,1.7777853290797597e-09,-0.06380561511733163,91.93142857142857,51747099428.57143,2.93,1664678400.0
