,Columns,Slope,Intercept,Training Time Mean,Raw FPTC Mean,Training Time Full,FPTC Full
0,1001,1.923218065892964e-09,-0.05605967462906625,3.1528571428571426,1668514285.7142856,0.21,111600000.0
1,2002,1.8507687803739218e-09,-0.030071312720796328,12.801428571428572,6933064800.0,0.66,354577200.0
2,3003,1.8374470624861886e-09,-0.038757542210568374,39.57285714285714,21557962400.0,1.07,584789600.0
3,4004,1.8186466003613883e-09,0.05844176424385239,38.85857142857143,21334617542.857143,0.95,520390000.0
4,5005,1.8312423176568667e-09,-0.013196390247621537,48.20428571428572,26330476114.285713,2.37,1299038400.0
5,6006,1.845565625283346e-09,-0.06465526828351642,54.31428571428571,29464647714.285713,1.63,879132000.0
6,7007,1.8493617903590295e-09,-0.14010516709228682,67.07000000000001,36342323885.71429,2.05,1123762400.0
7,8008,1.8434573127246229e-09,0.1380656784184282,80.91714285714286,43819336971.42857,2.29,1226672400.0
8,9009,1.848215440577186e-09,-0.09836220156104503,95.09714285714286,51506714514.28571,3.17,1733139200.0
